name,date_contact,url,email,type_contact,available_3aug,price,classment_damien,classment_claire,available_10aug,available_17aug,available_24aug,available_31aug,address
Château de Ripaille,2018-10-10,http://www.ripaille.fr/louer-le-chateau/,fondation@ripaille.fr,email,OTHER,,,,YES,,,YES,83 Avenue de Ripaille 74200 Thonon-les-Bains
La Bastie de la Jonchère,2018-10-16,https://www.labastiedelajonchere.com/,jm4awase@hotmail.fr,automatic email,NO,,,,,,,,Chemin de la Jonchère 26300 BEAUREGARD-BARET
Manoir de la Garde,2018-10-16,https://www.manoirdelagarde.com/,contact@manoirdelagarde.com,automatic email,YES,5200(venue only),,,,,,,La Garde 69640 JARNIOUX
Le Diamant,NA,https://www.facebook.com/sallelediamant69/,/ (facebook),NA,,,,,,,,,18 rue des Diamants 38280 VILLETTE D'ANTHON
Domaine de la Ferme de Montin,2018-10-16,http://www.fermedemontin.com/,contact@fermedemontin.com,automatic email,YES,155(pp),,,,,,,512 route de montin FERME DE MONTIN 38510 VEZERONCE MORESTEL
Château de Saint Trys,NA,http://www.chateaudesainttrys.com/contact/,web,NA,OTHER,,,,,,,YES,Anse 69480 ANSE
Château de Chavagneux,2018-10-16,http://www.chateaudechavagneux.com/fr/home,eric.frerejean@wanadoo.fr,automatic email,OTHER,,,,,YES,YES,,Le Domaine GENOUILLEUX 69220 TAPONAS
Domaine de Chanille,2018-10-16,https://www.seminaires-rhone.com/,contact@domaine-de-chanille.fr,automatic email,NO,,,,,,,,Chanille et Bouveau 38080 SAINT-MARCEL-BEL-ACCUEIL
Château de Chapeau Cornu,2018-10-16,https://www.chateau-chapeau-cornu.fr/fr/,reception@chapeau-cornu.fr,automatic email,OTHER,,,,,,YES,,312 rue de la Garenne 38890 VIGNIEU
Château de Pramenoux ,2018-10-16,http://pramenoux.com/,contact@pramenoux.com,automatic email,,,,,,,,,Lamure sur Azergues 69870 LAMURE SUR AZERGUES
Château de Cesarges ,NA,https://www.chateau-cesarges.com/fr,website,NA,,,,,,,,,770 Chemin de Césarges 38300 MAUBEC
chateau de la bourdeliere,2018-10-16,http://www.tourisme.cc-montsdulyonnais.fr/cgi-local/moteur_sitra2.pl?mois=-&date_debut_resa=&date_fin_resa=&action=Detail&HTMLPage=/hebergement/chambres-d-hotes.htm&alea=&page=1&famille=1&parametre=1!4!2!20!!!20!!!!1&ID=493222,Fillon_catherine@orange.fr,automatic email,,,,,,,,,La Bourdelière 69930  Saint-Laurent-de-Chamousset
Domaine des Alizés,2018-10-16,http://www.domainedesalizes.com/,domaine-des-alizes@wanadoo.fr,automatic email,resend,,,,,,,,Route Nationale 6 69830 SAINT GEORGES DE RENEINS
Domaine du Passeloup,NA,http://www.domaine-du-passeloup.com/,website,NA,NO,,,,,,,,122 chemin du Merloup 69400 LIERGUES
Domaine de Suzel ,2018-10-16,http://www.domainedesuzel.com/nous-contacter.html,contact@domainedesuzel.com,automatic email,,,,,,,,,267 route de Suzel 38890 VIGNIEU
Château de la Chapelle des Bois ,2018-10-16,http://www.chateaudelachapelledesbois.fr/contact,contact@chateaudelachapelledesbois.fr,automatic email,resend,,,,,,,,Lieu dit la Chapelle des Bois 69820 FLEURIE
Chateau Teyssier,2018-10-16,http://www.chateau-teyssier-de-savy.fr/contact.html,contact@chateau-teyssier-de-savy.fr,automatic email,NO,,,,,,,,"12, chemin des Châteaux 38890 SAINT-CHEF"
Domaine de la Genetière ,2018-10-16,http://genetiere.fr/,contact@genetiere.fr,automatic email,,,,,,,,,La Genetière 69620 BOIS D'OINGT
JLS Events par Diaferia Traiteur,NA,"https://www.1001salles.com/prive/zzz/22950
",/,NA,,,,,,,,,5 Cour des Noisetiers 38610 GIERES
Domaine du Clos des Liesses,2018-10-16,https://closdesliesses-reception.fr/,contact@closdesliesses-reception.fr,automatic email,YES,4 950(venue + 990 for 22pers),,,,,,,382 chemin du Clos des Liesses 69380 ALIX
Domaine des Coteaux d'Or,2018-10-16,http://www.coteauxdor.com/,n.ruet@wanadoo.fr,automatic email,?,,,,,,,,409 chemin de Graves 69400 POUILLY LE MONIAL
Château de Janzé,2018-10-16,http://www.chateaudejanze.com/,contact@chateaudejanze.com,automatic email,NO,,,,,,,,"Château de Janzé 315, chemin de Janzé 69380 MARCILLY D'AZERGUES"
Château de Chessy,2018-10-16,http://www.chateau-chessy.com/,chateauchessy@wanadoo.fr,automatic email,YES,2700(venue),,,,,,,Le Château 69380 CHESSY
Domaine du Manoir ,NA,https://www.domainedumanoir.com/,/,NA,,,,,,,,,176 route du Quinquet 38630 LES AVENIERES
Château de Blaceret Roy ,2018-10-16,http://www.blaceretroy.fr/en,contact@blaceretroy.fr,automatic email,OTHER,,,,,YES,,YES,"L'Espace Paradis 1001 route du Terrier, Départementale 49 69460 SAINT ETIENNE DES OULLIERES"
"Domaine de la Garenne
",2018-10-16,https://salle-de-mariage-isere.com/,contact@domainedelagarenne-morestel.fr,automatic email,,,,,,,,,Route de Sermérieu 38510 MORESTEL
La Ruisselière,2018-10-16,http://www.la-ruisseliere.com/,contact@laruisseliere.com,automatic email,NO,,,,,,,,Chemin Rousselles 69640 LACENAS
Château des Girards,2018-10-16,http://www.grand-gite-vercors.com/contact-chateau-des-girards-vercors-alpes-isere.html, lafabriqueduvercors@gmail.com ,automatic email,NO,,,,,,,,274 chemin de Fond Froide 38250 LANS EN VERCORS
Domaine Albert ,2018-10-16,http://www.domainealbert.com/Beaujolais/Contact/r56.html,eric.bettant@domainealbert.fr,automatic email,NO,,,,,,,,2260 chemin de St Fonds Côteau de Chalier 69480 POMMIERS
Le Domaine de Vavril,2018-10-16,https://www.vavril.fr/,contact@vavril.fr,automatic email,NO,,,,,,,,"Domaine de Vavril 69430 BEAUJEU
"
Domaine de Grand Maison ,2018-10-16,http://www.reception-grandmaison-seminaire-vienne-lyon.fr/fr/gite-charme-mariage-seminaire-lyon-rhone.php#location-chateau-mariage-lyon-sud.php,contact@reception-grandmaison.fr,automatic email,NO,,,,,,,,1065 route de la Grand Maison 38780 OYTIER ST OBLAS
Domaine de Bellevue,2018-10-17,http://domaine-de-bellevue.com/contactez-nous/,contact@domaine-de-bellevue.com,automatic email,NO,,,,,,,,115 chemin de Bellevue 69480 ANSE
Domaine au Val d'Azergues,,,/,,,,,,,,,,32 chemin du Levant 69480 LUCENAY
La Cascade,2018-10-17,http://restaurant-la-cascade.fr/contactacces/,contact@restaurant-la-cascade.fr,automatic email,YES,1000(venue ~70pp),,,,,,,Rue de la Cascade 69290 SAINT-GENIS-LES-OLLIERES
Domaine de la Chartrognière,,http://www.domainedelachartrogniere.fr/,/,,,,,,,,,,210 chemin de la Chartrognière 26190 SAINT-THOMAS-EN-ROYANS
Domaine de Sarson,2018-10-17,http://www.domainedesarson.com/,accueil@domainedesarson.com,automatic email,?,,,,,,,,Quartier Sarson 26230 GRIGNAN
Château de Bellevue,2018-10-17,http://www.chateau-bellevue.fr/fr/,contact@chateau-bellevue.fr,automatic email,OTHER,,,,YES,,,YES,Lieu-dit Bellevue 69910 VILLIE MORGON
Mas de Pantai,2018-10-17,http://masdepantai.fr/,sergio.chiorino@wanadoo.fr,automatic email,OTHER,,,,?,?,?,?,Le Village 26230 REAUVILLE
Manoir Tourieux,2018-10-17,http://www.manoirtourieux.com/,contact@manoirtourieux.com,automatic email,NO,,,,,,,,Lieu dit Grange du Puy 69210 SAVIGNY
Domaine de Combelongue,2018-10-17,http://www.domainedecombelongue.com/,domainedecombelongue@gmail.com,automatic email,YES,3200(weekend),,,,,,,Quartier Combe Longue 38840 LA SONE
Domaine de Chanteperdrix,2018-10-17,http://www.domainedechanteperdrix.fr/,contact@domainedechanteperdrix.fr,automatic email,NO,,,,,,,,Chemin de Chanteperdrix 26400 ALLEX
Château de Néty,2018-10-17,http://chateaudenety.fr/evenements/en/,reception@chateaudenety.fr,automatic email,YES,3800(venue),,,,,,,160 route du Château 69460 SAINT-ETIENNE-DES-OULLIERES
La Chapelle de Daurelle,2018-10-17,http://www.chapelle-daurelle.fr/,contact@chapelle-daurelle.fr,automatic email,OTHER,,,,YES,,,,Avenue de Gournier 26200 MONTELIMAR
Ambiance et Saveurs ,2018-10-17,http://www.ambianceetsaveurs.com/,info@ambianceetsaveurs.com,automatic email,resend,,,,,,,,20 avenue du 24 Août 1944 69960 CORBAS
Château de Courbeville,,http://www.chateaudecourbeville.fr/,/,,,,,,,,,,393 chemin de Courbeville 69380 CHESSY
Château de Pizay,2018-10-17,http://www.chateau-pizay.com/uk/index.php,info@chateau-pizay.com,automatic email,NO,,,,,,,,443 route du Château 69220 SAINT JEAN D'ARDIERES
Cour Dorée,2018-10-17,http://www.courdoree.com/,contact@courdoree.com,automatic email,?,,,,,,,,555 chemin Neuf 69380 CHARNAY
Domaine du Trusquin,2018-10-17,http://www.domainedutrusquin.com/,domainedutrusquin@gmail.com,automatic email,OTHER,,,,,YES,,YES,Route de Faveyrolles 26700 PIERRELATTE
Domaine de Villeroy,2018-10-17,https://www.ledomainedevilleroy.fr/,domainedevilleroy@gmail.com,automatic email,OTHER,,,,,YES,,,Lieu-dit Villeroy 42600 CHAMPDIEU
Salle du Pigeonnier et Salle Henri Rambuteau,,/,/,,,,,,,,,,Le Bourg 69620 LE BREUIL
Le Domaine de la Tour,2018-10-17,http://ledomainedelatour.fr/,ledomainedelatour@yahoo.fr,automatic email,?,,,,,,,,285 rue de la Tour 42740 DOIZIEUX
Domaine des Batières,2018-10-17,http://www.domainedesbatieres.fr/,contact@domainedesbatieres.fr,automatic email,NO,,,,,YES,YES,,Les Batières 01240 MARLIEUX
Château des Charmes ,,http://www.chateau-des-charmes.com/,/,,OTHER,,,,,,,,rue des Peupliers 01090 GUEREINS
Domaine des Sources,2018-10-17,http://ledomainedessources.com/,ldemanche@ledomainedessources.com,automatic email,NO,,,,,,,,105 route des Sources 69640 DENICE
Le Clos du Mogador ,,/,/,,,,,,,,,,55 route de Faveyrolles 26700 PIERRELATTE
Le Castel Anne ,,http://www.le-castel-anne.fr/,/,,,,,,,,,,73 Avenue de la Patinière 38500 VOIRON
Domaine de Fontanelle,2018-10-17,http://www.theclementcollection.com/,contact@theclementcollection.com,automatic email,,,,,,,,,Chemin de la Rose 01480 SAVIGNEUX
"La Diligence
",2018-10-17,http://www.ladiligence42.com/,francano@despi.fr,automatic email,NO,,,,,,,,Le Château du Bois 42660 SAINT-GENEST-MALIFAUX
Salle les Aqueducs de Jacques Lafargue ,,/,/,,,,,,,,,,Route des Troques 69630 CHAPONOST
Domaine des Monts du Lyonnais,2018-10-17,http://domaine-des-monts-du-lyonnais.fr/,contact@votrechef.net,automatic email,YES,3800(weekend with 12pers),,,,,,,Chemin le Pélerat 69490 SAINT-FORGEUX
Le Domaine du Cuiset,2018-10-17,http://www.ledomaineducuiset.com/accueil.htm,duclos.flo@wanadoo.fr,automatic email,NO,,,,,,,,763 route de Condeissiat 01960 SAINT ANDRE SUR VIEUX JONC
Domaine de la Griottière ,2018-10-17,http://www.domainedelagriottiere.com/,accueil@domainedelagriottiere.com,automatic email,OTHER,,,,,YES,,,Le Moulin 42410 PELUSSIN
Domaine de Charfetain ,2018-10-17,http://chateaudecharfetain.free.fr/,chateaudecharfetain@free.fr ,automatic email,,,,,,,,,Charfetain 69690 BRULLIOLES
Château de Saint Bonnet le Froid ,2018-10-17,http://www.chateausaintbonnet.com/,restaurant@chateausaintbonnet.com,automatic email,OTHER,,,,YES,,,,Col de la Luère 69290 CRAPONNE
La Charpinière ,2018-10-17,http://www.lacharpiniere.com/fr/,reception@lacharpiniere.com,automatic email,OTHER,,,,,YES,,YES,La Charpinière 42330 SAINT-GALMIER
L'Essentiel ,2018-10-17,http://www.createur-emotions.fr/,contact@createur-emotions.fr,automatic email,YES,"?
",,,,,,,Quartier Bonlieu ALIXAN 26000 VALENCE
Domaine Morgon la Javernière,2018-10-17,http://www.lajaverniere.fr/,contact@la-javerniere.fr,automatic email,NO,,,,,,,,Javernières 69910 VILLIE MORGON
Domaine des Cèdres,2018-10-17,http://www.domainedescedres.com/,info@domainedescedres.com,automatic email,YES,3930(venue with 35pers),,,,,,,1180 route des Hauts Fourneaux 01150 VILLEBOIS
Château la Gallée,2018-10-17,http://www.chateaulagallee.fr/,contact@chateaulagallee.com,automatic email,NO,,,,,,,,Rue de la Gallée 69390 MILLERY
Chloé du Lac,2018-10-17,https://chloedulac.com/,happy@chloedulac.com,automatic email,,,,,,,,,43 chemin Croix La Véronnière 38620 Montferrat
Château de Verbust,2018-10-17,https://www.chateaudeverbust.com/,contact@chateauverbust.com,automatic email,resend,,,,,,,,Château de Verbust 69860 MONSOLS SAINT MAMERT
Domaine du Colombier,,https://www.colombier-sandrans.fr/,/,,,,,,,,,,Le colombier 01400 SANDRANS
La Roselière ,2018-10-17,http://laroseliere.com/en/home/,info@laroseliere.com,automatic email,,,,,,,,,"20, Boucle Ramee 38070 SAINT QUENTIN FALLAVIER"
Caves de la Croix Rochefort ,,http://www.cavesdelacroixrochefort.fr/,/,,,,,,,,,,401 rue les Dépôts 69430 SAINT-DIDIER-SUR-BEAUJEU
Domaine de Puyfond,2018-10-18,http://www.domaine-puyfond.com/,location@puyfond.com,automatic email,NO,,,,,,,,"3220 Route de Saint-Canadet, 13100 Aix-en-Provence, France"
Domaine & Cie,2018-10-18,http://www.domaineetcie.com/,contact@domaineetcie.com,automatic email,YES,135 /170 pp,,,,,,,"1075 Chemin du Mont Robert, 13290 Aix-en-Provence, France"
Domaine de Sulauze,2018-10-18,http://www.domainedesulauze.com/,contact@domainedesulauze.com,automatic email,YES,2900(venue),,,,,,,"Chemin du Vieux Sulauze, 13140 Miramas, France"
Castle Lançon- Caseneuve in Provence,2018-10-18,http://www.chateau-caseneuve.com/,contact@chateau-caseneuve.com,automatic email,,,,,YES,,,,"Chateau de Caseneuve, RD17, Route d'Eguilles, 13680 Lan<e7>on-Provence, France"
Domaine de la Maison Forte,2018-10-18,http://www.alesia-receptions.com/,bag@fisa-paris.com,automatic email,NO,,,,,,,,"Hameau de Munois, 21150 Darcey, France"
Domaine Des Seigneurs,2018-10-18,http://www.domainedesseigneurs.fr/,fredericcolomb@domainedesseigneurs.fr,automatic email,?,,,,,,,,"Rue Jean Francois Galland, 26300 Bourg-de-P<e9>age, France"
La Ferme du Rastel,2018-10-18,http://www.lafermedurastel.com/,lafermedurastel@gmail.com,automatic email,NO,,,,,,,,"La Ferme du Rastel, 26460 Bourdeaux, France"
La Ferme Chapouton,2018-10-18,https://chapouton.com/,info@chapouton.com,automatic email,YES,,,,,,,,"200 Route de Mont<e9>limar, 26230 Grignan, France"
DOMAINE DE TURZON,2018-10-18,http://www.domainedeturzon.com/,contact@domainedeturzon.com,automatic email,OTHER,,,,YES,,,,"Quartier Chosson, 07800 Saint-Georges-les-Bains, France"
Le Domaine De Chanteperdrix,2018-10-18,http://www.domainedechanteperdrix.fr/,hanteperdrixcontact@domainedechanteperdrix.fr,automatic email,resend,,,,,,,,"Chemin de Chanteperdrix, 26400 Allex, France"
Manoir Le Roure,2018-10-18,http://www.domaine-le-roure.com/,contact@domaine-le-roure.com,automatic email,,,,,,,,,"Route de Saint-Paul, 26780 Ch<e2>teauneuf-du-Rh<f4>ne, France"
Domaine Trusquin,2018-10-18,http://www.domainedutrusquin.fr/,ierrelattedomainedutrusquin@gmail.com,automatic email,resend,,,,,,,,"Route de Faveyrolles, Chemin des Planchettes, 26700 Pierrelatte, France"
Le Manoir de Munas,2018-10-18,http://www.lemanoirdemunas.fr/,rancelemanoirdemunas@gmail.com,automatic email,resend,,,,,,,,"110 Chemin du Lac, 07290 Saint-Romain-d'Ay, France"
Domaine de La Colombière,2018-10-18,https://www.lacolombiere.com/,23reservation@lacolombiere.com,automatic email,resend,,,,,,,,"45 Mont<e9>e des Remparts, 38270 Moissieu-sur-Dolon, France"
Domaine de Duby,2018-10-18,http://domainededuby.fr/,contact@domainededuby.fr,automatic email,NO,,,,,,,,"Lieu dit duby, 43220 Riotord, France"
Domaine du Petit Mylord,2018-10-18,http://www.domaine-du-petit-mylord.com/,contact@domainedupetitmylord.com.txt,automatic email,resend,,,,,,,,"Gallon Val<e9>rie, Domaine du Petit Mylord, CD15, 6482 Chemin de Beauvoir, 30300 Beaucaire, France"
Domaine la Baraque de Sérignac,2018-10-18,http://www.domainelabaraquedeserignac.com/,mas.lbs@orange.fr,automatic email,NO,,,,,,,,"Mas la Baraque de S<e9>rignac, Rd 999, 30260, France"
Domaine du Prieuré d'Estagel,2018-10-18,http://www.domaineduprieure-estagel.com/,contact@domaineduprieure-estagel.com,automatic email,?,,,,,,,,"6125 Chemin de Loubes, 30800 Saint-Gilles, France"
Castle Roquelune,2018-10-18,http://www.roquelune.com,info@roquelune.com,automatic email,OTHER,,,,,,,YES,"Route de Caux, 34120 P<e9>zenas, France"
Castle Banquière,2018-10-18,http://www.chateau-la-banquiere.com/,contact@chateaulabanquiere.com,automatic email,OTHER,,,,,YES,,,"34130 Mauguio, France"
Domaine de Biar,2018-10-18,http://domainedebiar.com/,contact@domainedebiar.com,automatic email,YES,14000,,,,,,,"Chemin de Biar, 34880 Lav<e9>rune, France"
Domaine de la Garenne,2018-10-18,https://salle-de-mariage-isere.com/,domainedelagarenne@laposte.net,automatic email,,,,,,,,,"558 Route de Serm<e9>rieu, 38510 Morestel, France"
Domaine des Fontaines,2018-10-18,http://www.domaine-des-fontaines.com,contact@domaine-des-fontaines.com,automatic email,YES,83pp,,,,,,,"134 Chemin des Fontaines, 38190 Bernin, France"
Chateau de Rajat,2018-10-18,http://www.chateaurajat.fr/,contact@chateaurajat.fr,automatic email,YES,118pp,,,,,,,"21 Chemin de Rajat, 69780 Saint-Pierre-de-Chandieu, France"
Domaine Fantasia,2018-10-18,http://www.fantasiareception.fr/,contact@letraiteuroriental.fr,automatic email,,,,,,,,,"7 Avenue du Dr Schweitzer, 69330 Meyzieu, France"
Camping DE L'ORANGERIE Domaine De Giraud,2018-10-18,http://camping-orangerie.com/,contact@camping-orangerie.com,automatic email,YES,?,,,,,,,"Rue du Camping, 42130 Bo<eb>n-sur-Lignon, France"
Chateau de Maulmont,2018-10-18,http://www.chateau-maulmont.com/,info@chateau-maulmont.com,automatic email,OTHER,,,,YES,,,,"11 Bois de Maulmont, 63310 Saint-Priest-Bramefant, France"
Domaine de Montfriol,2018-10-18,http://www.domainemontfriol.sitew.fr/,maine.montfriol@gmail.com<U+00A0><U+00A0>,automatic email,resend,,,,,,,,"69870 Chambost-Alli<e8>res, France"
Manoir de la Garde,2018-10-18,http://www.manoirdelagarde.com/,contact@manoirdelagarde.com.txt,automatic email,,,,,,,,,"170 impasse de la Garde, 69640 Jarnioux, France"
Chateau de Chasselas,2018-10-18,http://www.chateauchasselas.fr/,contact@chateauchasselas.fr,automatic email,OTHER,,,,YES,,,,"Au Ch<e2>teau, 71570 Chasselas, France"
Chateau de Salornay,2018-10-18,http://www.chateau-de-salornay.fr/,chateaudesalornay71@orange.fr,automatic email,YES,3600(venue),,,,,,,"680 Route de Salornay, 71870 Hurigny, France"
Castle Servolex,2018-10-18,http://www.chateau-servolex.com/,contact@chateau-servolex.com,automatic email,,,,,,,,,"1 Chemin du Comt<e9> Marin, 73290 La Motte-Servolex, France"
DOMAINE DU CHATEAU DE LA RIVE,2018-10-18,http://www.chateaudelarive.com/,traiteur.deux.savoie@orange.fr,automatic email,resend,,,,YES,,,,"151 chemin de la rive, 73800 Cruet, France"
Domaine de la Sapinière,2018-10-18,http://www.domaine-sapiniere.com/?utm_medium=organic&utm_source=google&utm_campaign=google_my_business,info@domaine-sapiniere.com,automatic email,?,,,,,,,,"912T All<e9>e de la Sapini<e8>re, 74570 Thorens-Gli<e8>res, France"
Domaine de Choully,2018-10-18,http://www.domainedechoully.ch/,info@domainedechoully.ch.fusi,automatic email,resend,,,,,,,,"Gastronomic Events, Route du Cr<ea>t-de-Choully, 34, Case Postale 123, 1242 Satigny, Switzerland"
Chateau La Présidente,2018-10-18,http://www.lapresidentevarbrignoles.com/,lapresidentevarbrignoles@gmail.com,automatic email,YES,1500(venue),,,,,,,"Route de Toulon, 83170 Brignoles, France"
Domaine des Grottes - Chambres d'hotes de luxe,2018-10-18,http://www.domaine-des-grottes.com/,barcothalia@hotmail.fr,automatic email,YES,18000,,,,,YES,,"3840 Route de Figani<e8>res, 83920 La Motte, France"
Domaine La Bastide de Fangouse,2018-10-18,http://www.labastidedefangouse.fr/,contact@labastidedefangouse.fr,automatic email,,,,,,,,,"284 chemin de la Marouine, 83570 Entrecasteaux, France"
Domaine de MontRieux le vieux,2018-10-18,http://www.domainedemontrieux.com/,contact@domainedemontrieux.com,automatic email,YES,,,,,,,,"D202, Montrieux le vieux, 83136 M<e9>ounes, France"
Domaine de la Bouverie,2018-10-18,http://www.domainedelabouverie.com/,contact@domainedelabouverie.com,automatic email,NO,,,,,,,,"Quartier Collet Redon, 83520 Roquebrune-sur-Argens, France"
Domaine des Sources,2018-10-18,http://www.domainedessources.com/,domainedessources@sfr.fr,automatic email,NO,,,,,,,,"Quartier les Mourgues 83470 SAINT MAXIMIN LA SAINTE BAUME, 83470, France"
Le Chateau de Nans,2018-10-18,http://www.chateaudenans.com/,contact@receptioncotejardin.fr,automatic email,YES,5900(venue 95pp),,,,,,,"D560, 83860 Nans-les-Pins, France"
Domaine Regis Freres,2018-10-18,http://www.domaineregisfreres.com/,regisfreres@yahoo.com.txt,automatic email,resend,,,,,,,,"565 Chemin du Thoronet, 83550 Vidauban, France"
Le domaine de Palerme,2018-10-18,http://ledomainedepalerme.com/,contact@ledomainedepalerme.com,automatic email,NO,,,,,,,,"725 Chemin de Palerme, 84800 L'Isle-sur-la-Sorgue, France"
Le Chateau de Tanay,2018-10-21,http://www.chateau-tanay.com/,info@chateau-tanay.com,claire mailed,NO,,,,,,,,Château de Tanay Chemin de Tanay | 01600 Saint Didier de formans
Le Chateau des Buis,2018-10-21,https://www.chateaudesbuis.com,andre@chateaudesbuis.com,claire mailed,YES,,,,,,,,"1 Chemin des Échelles, 01640 Jujurieux, France"
Le Chateau de Champlong,2018-10-21,https://www.chateau-de-champlong.com/-Hotel-.html,contact@chateau-de-champlong.com,claire mailed,,,,,,,,,00 CHEMIN DE LA CHAPELLE
Le Chateau de Sans Souci,2018-10-21,https://www.chateausanssouci.fr/,contact@chateausanssouci.fr,claire mailed,YES,88pp,,,,,,,260 ALLEE DES CYPRES
Le Chateau de Montchat,2018-10-21,http://www.chateau-montchat.com/,info@chateau-montchat.com,claire mailed,YES,,,,,,,,"51 rue Charles Richard, Place du Château, 69003 Lyon"
Le Chateau de Cesarges,2018-10-22,https://www.chateau-cesarges.com/fr,online form,claire mailed,,,,,,,,,770 Chemin de Cesarges 38300 MAUBEC
Château de Chassagny,2018-10-22,http://www.chateaudechassagny.com/index,contact@chateaudechassagny.com,claire mailed,OTHER,,,,,,,YES,"576, route de la Chaudane, 69700 Chassagny"
chateaudecourbeville,2018-10-22,http://www.chateaudecourbeville.fr/,hello@chateaudecourbeville.fr,,,,,,,,,,"393 chemin de Courbeville, 69380 Chessy Rhône-Alpes"
Domaine de la Genetière,2018-10-22,http://genetiere.fr/,contact@genetiere.fr,,,,,,,,,,La Genetière 69620 ST LAURENT DOINGT
The castle Beaumetane,2018-10-23,http://www.chateau-la-beaumetane.fr/contact,contact@chateau-la-beaumetane.fr,automatic email,NO,,,,,,,,"chemin departemental 10, les Baisses, 13680 Lançon-Provence, France"
Castle Sénéguier - wedding in Provence,2018-10-23,http://www.chateau-de-seneguier.com/contact,royalgourmet@wanadoo.fr,automatic email,,,,,,,,,"13680 Lançon-Provence, France"
Le Domaine du Moulin de l'Arc,2018-10-23,http://www.moulin-de-larc.fr/contact,moulindelarc@gmail.com,automatic email,,,,,,,,,"1604 Route de Rousset, 13530 Trets, France"
Domaine de la Maison Forte,2018-10-23,http://www.alesia-receptions.com/contact,46bag@fisa-paris.com,automatic email,resend,,,,,,,,"Hameau de Munois, 21150 Darcey, France"
Domaine de Pont de Pany,2018-10-23,http://www.domainedepontdepany.fr/contact,surcontact@domainedepontdepany.fr,automatic email,resend,,,,,,,,"170 Rue de Sainte-Marie, 21410 Sainte-Marie-sur-Ouche, France"
Chateau De Saulon,2018-10-23,http://www.chateau-saulon.com/contact,info@chateau-saulon.com,automatic email,,,,,,,,,"67 Route de Dijon, 21910 Saulon-la-Rue, France"
Domaine du Petit Mylord,2018-10-23,http://www.domaine-du-petit-mylord.com/contact,contact@domainedupetitmylord.com,automatic email,,,,,,,,,"Gallon Valérie, Domaine du Petit Mylord, CD15, 6482 Chemin de Beauvoir, 30300 Beaucaire, France"
Le Domaine Du Rey,2018-10-23,http://ledomainedurey.fr/contact,ledomainedurey@gmail.com,automatic email,,,,,,,,,"30140 Saint-Félix-de-Pallières, France"
Le Domaine du Serre d'Avène,2018-10-23,http://www.domaine-serredavene.fr/contact,38info@domaine-serredavene.fr,automatic email,resend,,,,,,,,"479 Chemin des Brusques, 30380 Saint-Christol-lès-Alès, France"
Le Domaine de la Galinière,2018-10-23,http://www.location-salle-beziers.fr/contact,mcdelaude@gmail.com,automatic email,,,,,,,,,"106 Route de Murviel, 34500 Béziers, France"
Le Domaine De Pradines,2018-10-23,http://www.restaurant-traiteur-beziers.fr/contact,domainepradines@orange.fr,automatic email,,,,,,,,,"Ancienne route de Bédarieux ,Pradines Le Haut, Chemin rural n°10, 34500 Béziers, France"
Domaine de l'Argentière,2018-10-23,http://www.traiteur-largentiere.com/contact,contact@traiteur-largentiere.com,automatic email,,,,,,,,,"D13E1, Route de Valros, 34290 Montblanc, France"
Chateau de Beauvoir,2018-10-23,http://chateau-de-beauvoir.com/contact,webmaster@bside-rock.com,automatic email,resend,,,,,,,,"Le Château, 03290 Saint-Pourçain-sur-Besbre, France"
Un Manoir à Tarare,2018-10-23,https://manoirtarare.fr/contact,infos@manoirtarare.fr,automatic email,,,,,,,,,"28 Route de Feurs, 69170 Tarare, France"
Domaine de Morlay,2018-10-23,http://www.morlay.fr/contact,domaine@morlay.info,automatic email,NO,,,,,,,,"2-4 Route de Morlay, 71460 Saint-Ythaire, France"
Castle of Saint-Sixt,2018-10-23,http://www.chateaudesaintsixt.com/contact,info@chateaudesaintsixt.com,automatic email,,,,,,,,,"167 Route du Château, 74800 Saint-Sixt, France"
DOMAINE DU CHÂTEAU DE LA RIVE,2018-10-23,http://www.chateaudelarive.com/contact,ailtraiteur.deux.savoie@orange.fr,automatic email,,,,,,,,,"151 chemin de la rive, 73800 Cruet, France"
"Domaine La Pierre à Sel: 45 couchages, avec Jacuzzi, sauna",2018-10-23,https://www.lapierreasel.fr/contact,lapierreasel@gmail.com,automatic email,,,,,,,,,"LIeu dit Les Gabes, 73110 Le Pontet, France"
Domaine de Choully,2018-10-23,http://www.domainedechoully.ch/contact,info@domainedechoully.ch,automatic email,,,,,,,,,"Gastronomic Events, Route du Crêt-de-Choully, 34, Case Postale 123, 1242 Satigny, Switzerland"
Domaine Sainte Marie,2018-10-23,http://www.domainesaintemarie.fr/contact,contact@domainesaintemarie.fr,automatic email,,,,,,,,,"RD 98 rte de St Tropez, 83230 Bormes-les-Mimosas, France"
Château de Chaulnes,2018-11-01,http://www.chateau-de-chaulnes.fr,,damien call,YES,,,,,,,,445 Chemin de Galle 38360 Noyarey
Le Château de Saint-Priest,2018-11-01,http://www.chateau-de-saint-priest.com,,damien call,,,,,,,,,"2 Rue de l'Égalité, 69800 Saint-Priest, France"
Le Bistro du Château,2018-11-01,http://lebistroduchateau.fr/,,damien call,NO,,,,,,,,154 avenue du Casino 69890 La Tour de Salvagny
Domaine des Tournelles,2018-11-01,http://www.seminaire-lyon-lcdg.com/,,damien call,,,,,,,,,La Cour des Grands 60 Montée de Choulans 69005 Lyon
Chateau de Sassenage,2018-11-01,http://www.chateau-de-sassenage.com/,,damien call,OTHER,,?,?,,,,,"Allée du Château, 38360 Sassenage"